,Regional Office Name,Regional Office Code,Area Team Name,Area Team Code,PCO Name,PCO Code,Practice Name,Practice Code,Male 0-4,Female 0-4,Male 5-14,Female 5-14,Male 15-24,Female 15-24,Male 25-34,Female 25-34,Male 35-44,Female 35-44,Male 45-54,Female 45-54,Male 55-64,Female 55-64,Male 65-74,Female 65-74,Male 75+,Female 75+,TotalSize
3066,MIDLANDS AND EAST OF ENGLAND,Y55,LEICESTERSHIRE & LINCOLNSHIRE AREA TEAM,Q59,EAST LEICESTERSHIRE AND RUTLAND CCG,03W00,BUSHLOE SURGERY,C82013,311,291,603,552,567,558,602,672,620,636,736,745,685,716,611,751,509,643,10808
3067,MIDLANDS AND EAST OF ENGLAND,Y55,LEICESTERSHIRE & LINCOLNSHIRE AREA TEAM,Q59,EAST LEICESTERSHIRE AND RUTLAND CCG,03W00,COUNTESTHORPE HEALTH CENTRE,C82002,302,285,618,606,550,513,586,625,626,654,773,808,708,718,651,705,403,499,10630
3068,MIDLANDS AND EAST OF ENGLAND,Y55,LEICESTERSHIRE & LINCOLNSHIRE AREA TEAM,Q59,EAST LEICESTERSHIRE AND RUTLAND CCG,03W00,COUNTY PRACTICE,C82042,318,293,680,579,649,580,682,718,711,720,897,890,759,794,729,773,509,623,11904
3069,MIDLANDS AND EAST OF ENGLAND,Y55,LEICESTERSHIRE & LINCOLNSHIRE AREA TEAM,Q59,EAST LEICESTERSHIRE AND RUTLAND CCG,03W00,EMPINGHAM MEDICAL CENTRE,C82044,166,159,396,320,315,286,231,296,320,396,453,562,463,469,462,512,308,355,6469
3070,MIDLANDS AND EAST OF ENGLAND,Y55,LEICESTERSHIRE & LINCOLNSHIRE AREA TEAM,Q59,EAST LEICESTERSHIRE AND RUTLAND CCG,03W00,ENDERBY MEDICAL CENTRE,C82631,248,215,407,412,352,351,444,509,423,453,468,490,369,336,248,225,128,165,6243
3071,MIDLANDS AND EAST OF ENGLAND,Y55,LEICESTERSHIRE & LINCOLNSHIRE AREA TEAM,Q59,EAST LEICESTERSHIRE AND RUTLAND CCG,03W00,FOREST HOUSE MEDICAL CTR,C82066,441,346,818,793,667,652,920,946,944,933,961,992,955,885,746,823,666,855,14343
3072,MIDLANDS AND EAST OF ENGLAND,Y55,LEICESTERSHIRE & LINCOLNSHIRE AREA TEAM,Q59,EAST LEICESTERSHIRE AND RUTLAND CCG,03W00,HAZELMERE MEDICAL CENTRE,C82098,211,170,442,410,423,402,433,451,417,461,568,596,466,491,427,448,268,355,7439
3073,MIDLANDS AND EAST OF ENGLAND,Y55,LEICESTERSHIRE & LINCOLNSHIRE AREA TEAM,Q59,EAST LEICESTERSHIRE AND RUTLAND CCG,03W00,KIBWORTH HEALTH CENTRE,C82001,265,242,622,600,463,437,400,443,542,634,770,788,615,646,538,580,355,470,9410
3074,MIDLANDS AND EAST OF ENGLAND,Y55,LEICESTERSHIRE & LINCOLNSHIRE AREA TEAM,Q59,EAST LEICESTERSHIRE AND RUTLAND CCG,03W00,KINGSWAY SURGERY,C82039,324,287,724,638,551,529,655,754,770,735,731,776,633,593,431,480,362,479,10452
3075,MIDLANDS AND EAST OF ENGLAND,Y55,LEICESTERSHIRE & LINCOLNSHIRE AREA TEAM,Q59,EAST LEICESTERSHIRE AND RUTLAND CCG,03W00,LATHAM HOUSE MEDICAL PRACTICE,C82038,996,943,1929,1934,1856,1824,2202,2146,2098,2106,2731,2648,2324,2303,2116,2169,1386,1855,35566
3076,MIDLANDS AND EAST OF ENGLAND,Y55,LEICESTERSHIRE & LINCOLNSHIRE AREA TEAM,Q59,EAST LEICESTERSHIRE AND RUTLAND CCG,03W00,LONG CLAWSON MEDICAL PRACTICE,C82016,157,135,397,359,319,328,259,299,320,382,581,593,488,500,441,413,256,322,6549
3077,MIDLANDS AND EAST OF ENGLAND,Y55,LEICESTERSHIRE & LINCOLNSHIRE AREA TEAM,Q59,EAST LEICESTERSHIRE AND RUTLAND CCG,03W00,MARKET HARBOROUGH MED.CTR,C82009,569,566,1394,1301,1423,1181,1301,1307,1442,1515,1944,1952,1615,1565,1409,1514,1092,1570,24660
3078,MIDLANDS AND EAST OF ENGLAND,Y55,LEICESTERSHIRE & LINCOLNSHIRE AREA TEAM,Q59,EAST LEICESTERSHIRE AND RUTLAND CCG,03W00,MARKET OVERTON & SOMERBY SURGERIES,C82649,81,88,226,232,171,155,154,148,206,244,317,353,305,348,357,350,215,219,4169
3079,MIDLANDS AND EAST OF ENGLAND,Y55,LEICESTERSHIRE & LINCOLNSHIRE AREA TEAM,Q59,EAST LEICESTERSHIRE AND RUTLAND CCG,03W00,NARBOROUGH HEALTH CENTRE,C82119,50,62,137,111,122,103,208,161,197,147,168,110,157,120,95,86,77,75,2186
3080,MIDLANDS AND EAST OF ENGLAND,Y55,LEICESTERSHIRE & LINCOLNSHIRE AREA TEAM,Q59,EAST LEICESTERSHIRE AND RUTLAND CCG,03W00,NORTHFIELD MEDICAL CENTRE,C82068,311,299,600,640,590,590,670,646,640,680,835,865,756,746,681,731,522,748,11550
3081,MIDLANDS AND EAST OF ENGLAND,Y55,LEICESTERSHIRE & LINCOLNSHIRE AREA TEAM,Q59,EAST LEICESTERSHIRE AND RUTLAND CCG,03W00,OAKHAM MEDICAL PRACTICE,C82010,381,351,980,862,907,885,824,828,865,901,1082,1105,978,1056,986,1075,837,1112,16015
3082,MIDLANDS AND EAST OF ENGLAND,Y55,LEICESTERSHIRE & LINCOLNSHIRE AREA TEAM,Q59,EAST LEICESTERSHIRE AND RUTLAND CCG,03W00,ROSEMEAD DRIVE SURGERY,C82048,94,100,231,210,210,149,243,242,260,249,276,260,290,258,243,299,230,300,4144
3083,MIDLANDS AND EAST OF ENGLAND,Y55,LEICESTERSHIRE & LINCOLNSHIRE AREA TEAM,Q59,EAST LEICESTERSHIRE AND RUTLAND CCG,03W00,SEVERN SURGERY,C82112,87,96,303,290,302,264,281,262,246,311,301,340,292,310,208,218,144,204,4459
3084,MIDLANDS AND EAST OF ENGLAND,Y55,LEICESTERSHIRE & LINCOLNSHIRE AREA TEAM,Q59,EAST LEICESTERSHIRE AND RUTLAND CCG,03W00,SOUTH WIGSTON ASYLUM SERVICE,Y05412,0,0,0,0,33,0,27,0,11,0,2,0,0,0,0,0,0,0,73
3085,MIDLANDS AND EAST OF ENGLAND,Y55,LEICESTERSHIRE & LINCOLNSHIRE AREA TEAM,Q59,EAST LEICESTERSHIRE AND RUTLAND CCG,03W00,SOUTH WIGSTON HEALTH CTR.,C82079,256,266,506,507,504,483,565,573,481,519,664,630,539,519,390,415,329,486,8632
3086,MIDLANDS AND EAST OF ENGLAND,Y55,LEICESTERSHIRE & LINCOLNSHIRE AREA TEAM,Q59,EAST LEICESTERSHIRE AND RUTLAND CCG,03W00,THE BILLESDON SURGERY,C82022,139,149,372,367,361,302,280,287,329,378,549,549,527,524,504,505,382,431,6935
3087,MIDLANDS AND EAST OF ENGLAND,Y55,LEICESTERSHIRE & LINCOLNSHIRE AREA TEAM,Q59,EAST LEICESTERSHIRE AND RUTLAND CCG,03W00,THE CENTRAL SURGERY,C82021,244,195,478,505,475,441,484,489,479,528,603,643,590,586,437,468,384,635,8664
3088,MIDLANDS AND EAST OF ENGLAND,Y55,LEICESTERSHIRE & LINCOLNSHIRE AREA TEAM,Q59,EAST LEICESTERSHIRE AND RUTLAND CCG,03W00,THE CROFT MEDICAL CENTRE,C82067,229,219,547,567,526,477,440,507,529,584,636,657,612,644,465,480,422,596,9137
3089,MIDLANDS AND EAST OF ENGLAND,Y55,LEICESTERSHIRE & LINCOLNSHIRE AREA TEAM,Q59,EAST LEICESTERSHIRE AND RUTLAND CCG,03W00,THE GLENFIELD SURGERY,C82056,353,319,847,778,714,633,701,808,808,852,1057,1010,893,912,863,922,684,827,13981
3090,MIDLANDS AND EAST OF ENGLAND,Y55,LEICESTERSHIRE & LINCOLNSHIRE AREA TEAM,Q59,EAST LEICESTERSHIRE AND RUTLAND CCG,03W00,THE HUSBANDS BOSWORTH SURGERY,C82109,66,56,196,178,168,126,176,152,163,171,303,286,287,265,284,241,194,207,3519
3091,MIDLANDS AND EAST OF ENGLAND,Y55,LEICESTERSHIRE & LINCOLNSHIRE AREA TEAM,Q59,EAST LEICESTERSHIRE AND RUTLAND CCG,03W00,THE JUBILEE MEDICAL PRACTICE,C82078,302,253,632,611,604,601,640,663,652,684,828,915,766,748,635,722,439,549,11244
3092,MIDLANDS AND EAST OF ENGLAND,Y55,LEICESTERSHIRE & LINCOLNSHIRE AREA TEAM,Q59,EAST LEICESTERSHIRE AND RUTLAND CCG,03W00,THE LIMES MEDICAL CENTRE,C82055,381,365,817,778,798,705,826,807,880,902,1153,1160,963,1008,787,884,525,698,14437
3093,MIDLANDS AND EAST OF ENGLAND,Y55,LEICESTERSHIRE & LINCOLNSHIRE AREA TEAM,Q59,EAST LEICESTERSHIRE AND RUTLAND CCG,03W00,THE MASHARANI PRACTICE,C82611,162,175,379,332,303,333,289,297,359,385,541,520,394,317,312,301,203,260,5862
3094,MIDLANDS AND EAST OF ENGLAND,Y55,LEICESTERSHIRE & LINCOLNSHIRE AREA TEAM,Q59,EAST LEICESTERSHIRE AND RUTLAND CCG,03W00,THE UPPINGHAM SURGERY,C82077,209,204,753,656,850,709,425,418,504,537,821,866,795,821,738,747,487,650,11190
3095,MIDLANDS AND EAST OF ENGLAND,Y55,LEICESTERSHIRE & LINCOLNSHIRE AREA TEAM,Q59,EAST LEICESTERSHIRE AND RUTLAND CCG,03W00,THE WYCLIFFE MEDICAL PRACTICE,C82025,262,202,636,549,589,516,561,495,600,619,880,902,755,706,723,759,478,580,10812
3096,MIDLANDS AND EAST OF ENGLAND,Y55,LEICESTERSHIRE & LINCOLNSHIRE AREA TEAM,Q59,EAST LEICESTERSHIRE AND RUTLAND CCG,03W00,TWO SHIRES MEDICAL PRACTICE,C82036,517,430,1063,951,733,737,798,927,1034,1122,1230,1281,988,1051,927,981,558,755,16083
3097,MIDLANDS AND EAST OF ENGLAND,Y55,LEICESTERSHIRE & LINCOLNSHIRE AREA TEAM,Q59,EAST LEICESTERSHIRE AND RUTLAND CCG,03W00,WIGSTON CENTRAL SURGERY,C82071,305,295,679,691,645,601,703,726,696,714,931,899,741,758,626,677,569,822,12078
3098,MIDLANDS AND EAST OF ENGLAND,Y55,LEICESTERSHIRE & LINCOLNSHIRE AREA TEAM,Q59,LEICESTER CITY CCG,04C00,AL-WAQAS MEDICAL CENTRE,C82099,147,137,337,312,313,284,369,343,318,246,255,236,260,212,131,90,80,84,4154
3099,MIDLANDS AND EAST OF ENGLAND,Y55,LEICESTERSHIRE & LINCOLNSHIRE AREA TEAM,Q59,LEICESTER CITY CCG,04C00,AR-RAZI MEDICAL CENTRE,C82105,151,135,318,328,224,199,222,213,265,218,200,133,96,89,43,40,26,47,2947
3100,MIDLANDS AND EAST OF ENGLAND,Y55,LEICESTERSHIRE & LINCOLNSHIRE AREA TEAM,Q59,LEICESTER CITY CCG,04C00,ASQUITH SURGERY,C82614,120,153,288,315,203,204,235,231,293,346,295,262,208,208,134,177,144,207,4023
3101,MIDLANDS AND EAST OF ENGLAND,Y55,LEICESTERSHIRE & LINCOLNSHIRE AREA TEAM,Q59,LEICESTER CITY CCG,04C00,AYLESTONE HEALTH CENTRE,C82092,99,87,203,166,148,148,262,254,280,223,256,201,212,162,157,123,111,122,3214
3102,MIDLANDS AND EAST OF ENGLAND,Y55,LEICESTERSHIRE & LINCOLNSHIRE AREA TEAM,Q59,LEICESTER CITY CCG,04C00,BEAUMONT LODGE MEDICAL PRACTICE,C82094,253,210,555,504,410,416,485,493,528,507,468,459,356,352,245,247,107,153,6748
3103,MIDLANDS AND EAST OF ENGLAND,Y55,LEICESTERSHIRE & LINCOLNSHIRE AREA TEAM,Q59,LEICESTER CITY CCG,04C00,BELGRAVE SURGERY (SV BAPODRA),Y00280,81,87,250,195,271,202,270,241,304,220,178,161,154,113,82,78,51,67,3005
3104,MIDLANDS AND EAST OF ENGLAND,Y55,LEICESTERSHIRE & LINCOLNSHIRE AREA TEAM,Q59,LEICESTER CITY CCG,04C00,BOWLING GREEN STREET SURGERY,Y02686,159,128,123,107,201,292,749,760,472,288,296,154,161,97,54,34,18,11,4104
3105,MIDLANDS AND EAST OF ENGLAND,Y55,LEICESTERSHIRE & LINCOLNSHIRE AREA TEAM,Q59,LEICESTER CITY CCG,04C00,BRANDON STREET SURGERY,C82107,216,219,455,453,392,430,574,630,578,532,440,385,361,381,186,232,123,173,6760
3106,MIDLANDS AND EAST OF ENGLAND,Y55,LEICESTERSHIRE & LINCOLNSHIRE AREA TEAM,Q59,LEICESTER CITY CCG,04C00,BROADHURST ST MED PRACT (KS MORJARIA),C82651,102,89,261,206,233,245,350,312,315,240,238,217,249,221,146,153,106,146,3829
3107,MIDLANDS AND EAST OF ENGLAND,Y55,LEICESTERSHIRE & LINCOLNSHIRE AREA TEAM,Q59,LEICESTER CITY CCG,04C00,CLARENDON PARK ROAD HEALTH CENTRE,C82122,157,151,292,265,285,244,421,455,388,329,442,397,315,284,213,203,175,218,5234
3108,MIDLANDS AND EAST OF ENGLAND,Y55,LEICESTERSHIRE & LINCOLNSHIRE AREA TEAM,Q59,LEICESTER CITY CCG,04C00,COMMUNITY HEALTH CENTRE (ZS OSAMA),C82643,448,498,1128,1121,1038,905,898,960,962,893,659,633,472,438,277,287,139,191,11947
3109,MIDLANDS AND EAST OF ENGLAND,Y55,LEICESTERSHIRE & LINCOLNSHIRE AREA TEAM,Q59,LEICESTER CITY CCG,04C00,DE MONTFORT SURGERY,C82020,209,217,302,296,5070,6291,2399,1247,1483,476,417,319,174,166,72,79,35,68,19320
3110,MIDLANDS AND EAST OF ENGLAND,Y55,LEICESTERSHIRE & LINCOLNSHIRE AREA TEAM,Q59,LEICESTER CITY CCG,04C00,DOWNING DRIVE SURGERY (AJJ BENTLEY),C82030,134,135,392,360,400,360,392,422,335,403,429,500,481,502,365,422,343,515,6890
3111,MIDLANDS AND EAST OF ENGLAND,Y55,LEICESTERSHIRE & LINCOLNSHIRE AREA TEAM,Q59,LEICESTER CITY CCG,04C00,DR B MODI,C82084,78,91,194,185,175,183,246,208,251,200,247,217,174,164,111,109,59,100,2992
3112,MIDLANDS AND EAST OF ENGLAND,Y55,LEICESTERSHIRE & LINCOLNSHIRE AREA TEAM,Q59,LEICESTER CITY CCG,04C00,DR GANDECHA & PARTNER,C82671,166,170,265,212,289,297,380,391,473,403,276,252,250,226,156,126,51,75,4458
3113,MIDLANDS AND EAST OF ENGLAND,Y55,LEICESTERSHIRE & LINCOLNSHIRE AREA TEAM,Q59,LEICESTER CITY CCG,04C00,DR R KAPUR & PARTNERS,C82659,79,84,210,229,220,211,231,187,277,215,223,165,151,101,77,64,28,36,2788
3114,MIDLANDS AND EAST OF ENGLAND,Y55,LEICESTERSHIRE & LINCOLNSHIRE AREA TEAM,Q59,LEICESTER CITY CCG,04C00,DR S SHAFI,C82620,65,56,79,99,103,93,294,178,189,100,122,95,126,114,49,48,31,53,1894
3115,MIDLANDS AND EAST OF ENGLAND,Y55,LEICESTERSHIRE & LINCOLNSHIRE AREA TEAM,Q59,LEICESTER CITY CCG,04C00,DR U K ROY,C82114,57,66,120,109,145,130,260,231,262,151,180,104,122,91,86,60,66,51,2291
3116,MIDLANDS AND EAST OF ENGLAND,Y55,LEICESTERSHIRE & LINCOLNSHIRE AREA TEAM,Q59,LEICESTER CITY CCG,04C00,EAST LEICESTER MED PRACT(S LONGWORTH),C82063,415,357,926,840,931,847,929,874,817,808,849,785,629,617,428,395,331,404,12182
3117,MIDLANDS AND EAST OF ENGLAND,Y55,LEICESTERSHIRE & LINCOLNSHIRE AREA TEAM,Q59,LEICESTER CITY CCG,04C00,EAST PARK MEDICAL CENTRE (RP PANDYA),C82037,259,240,559,518,575,532,914,769,735,654,601,577,825,734,505,517,356,439,10309
3118,MIDLANDS AND EAST OF ENGLAND,Y55,LEICESTERSHIRE & LINCOLNSHIRE AREA TEAM,Q59,LEICESTER CITY CCG,04C00,EVINGTON MEDICAL CENTRE (C KUMAR),C82088,210,217,617,516,536,514,721,611,679,595,582,554,611,556,324,381,222,277,8723
3119,MIDLANDS AND EAST OF ENGLAND,Y55,LEICESTERSHIRE & LINCOLNSHIRE AREA TEAM,Q59,LEICESTER CITY CCG,04C00,FOSSE MEDICAL CENTRE (GK SHARMA),C82086,380,335,645,604,464,484,864,904,730,604,574,517,442,390,249,254,144,240,8824
3120,MIDLANDS AND EAST OF ENGLAND,Y55,LEICESTERSHIRE & LINCOLNSHIRE AREA TEAM,Q59,LEICESTER CITY CCG,04C00,GROBY ROAD MEDICAL CENTRE (ID PATCHETT),C82005,311,317,598,626,564,505,701,743,631,626,580,677,492,492,372,398,242,362,9237
3121,MIDLANDS AND EAST OF ENGLAND,Y55,LEICESTERSHIRE & LINCOLNSHIRE AREA TEAM,Q59,LEICESTER CITY CCG,04C00,HEATHERBROOK SURGERY (RP ARCHER),C82623,122,122,237,225,186,170,238,263,272,280,238,222,220,205,140,143,62,80,3425
3122,MIDLANDS AND EAST OF ENGLAND,Y55,LEICESTERSHIRE & LINCOLNSHIRE AREA TEAM,Q59,LEICESTER CITY CCG,04C00,HERON GP PRACTICE,Y02469,282,239,503,478,324,346,426,531,488,451,341,236,187,163,80,82,40,50,5247
3123,MIDLANDS AND EAST OF ENGLAND,Y55,LEICESTERSHIRE & LINCOLNSHIRE AREA TEAM,Q59,LEICESTER CITY CCG,04C00,HIGHFIELDS MEDICAL CENTRE,C82642,291,277,553,526,541,551,677,671,672,602,444,492,492,439,249,233,103,169,7982
3124,MIDLANDS AND EAST OF ENGLAND,Y55,LEICESTERSHIRE & LINCOLNSHIRE AREA TEAM,Q59,LEICESTER CITY CCG,04C00,HIGHFIELDS SURGERY (R WADHWA),C82116,114,106,292,248,262,254,315,303,344,234,266,183,210,125,99,101,109,79,3644
3125,MIDLANDS AND EAST OF ENGLAND,Y55,LEICESTERSHIRE & LINCOLNSHIRE AREA TEAM,Q59,LEICESTER CITY CCG,04C00,HOCKLEY FARM MED PRACT (A NANA),C82053,359,371,959,932,736,670,723,793,662,674,695,730,594,554,359,331,252,353,10747
3126,MIDLANDS AND EAST OF ENGLAND,Y55,LEICESTERSHIRE & LINCOLNSHIRE AREA TEAM,Q59,LEICESTER CITY CCG,04C00,HUMBERSTONE MEDICAL CENTRE (IP JONES),C82033,358,328,797,750,660,607,649,691,661,726,602,612,472,584,343,409,233,367,9849
3127,MIDLANDS AND EAST OF ENGLAND,Y55,LEICESTERSHIRE & LINCOLNSHIRE AREA TEAM,Q59,LEICESTER CITY CCG,04C00,INCLUSION HEALTHCARE,C82670,2,1,0,0,109,48,308,73,337,61,219,32,72,7,9,0,0,1,1279
3128,MIDLANDS AND EAST OF ENGLAND,Y55,LEICESTERSHIRE & LINCOLNSHIRE AREA TEAM,Q59,LEICESTER CITY CCG,04C00,JOHNSON MEDICAL PRACTICE,C82031,469,459,1014,977,766,760,908,987,972,978,746,729,536,540,307,340,214,252,11954
3129,MIDLANDS AND EAST OF ENGLAND,Y55,LEICESTERSHIRE & LINCOLNSHIRE AREA TEAM,Q59,LEICESTER CITY CCG,04C00,LEICESTER CITY ASSIST PRACTICE,Y00344,74,75,47,38,209,45,341,125,161,71,53,33,27,17,4,4,2,3,1329
3130,MIDLANDS AND EAST OF ENGLAND,Y55,LEICESTERSHIRE & LINCOLNSHIRE AREA TEAM,Q59,LEICESTER CITY CCG,04C00,MERRIDALE MEDICAL CENTRE (RP TEW),C82073,551,510,1067,1027,847,877,1391,1347,1223,1080,1071,910,694,666,445,456,300,432,14894
3131,MIDLANDS AND EAST OF ENGLAND,Y55,LEICESTERSHIRE & LINCOLNSHIRE AREA TEAM,Q59,LEICESTER CITY CCG,04C00,OAKMEADOW SURGERY (RA LEACH),C82008,339,311,682,629,580,531,557,639,588,584,583,583,460,475,377,404,267,373,8962
3132,MIDLANDS AND EAST OF ENGLAND,Y55,LEICESTERSHIRE & LINCOLNSHIRE AREA TEAM,Q59,LEICESTER CITY CCG,04C00,PARKER DRIVE SURGERY,C82018,490,496,1032,1046,878,845,1216,1267,1171,1107,1055,1006,1009,990,659,671,423,541,15902
3133,MIDLANDS AND EAST OF ENGLAND,Y55,LEICESTERSHIRE & LINCOLNSHIRE AREA TEAM,Q59,LEICESTER CITY CCG,04C00,PASLEY ROAD HEALTH CENTRE (G SINGH),C82019,167,148,342,308,292,253,372,347,297,283,340,300,314,303,195,189,155,212,4817
3134,MIDLANDS AND EAST OF ENGLAND,Y55,LEICESTERSHIRE & LINCOLNSHIRE AREA TEAM,Q59,LEICESTER CITY CCG,04C00,PASLEY ROAD HEALTH CENTRE (TK KHONG),C82626,89,64,168,147,147,102,168,161,166,146,143,125,128,132,101,77,53,108,2225
3135,MIDLANDS AND EAST OF ENGLAND,Y55,LEICESTERSHIRE & LINCOLNSHIRE AREA TEAM,Q59,LEICESTER CITY CCG,04C00,RUSHEY MEAD HEALTH CENTRE,C82015,57,44,128,112,112,98,149,136,167,116,196,137,135,121,147,119,107,120,2201
3136,MIDLANDS AND EAST OF ENGLAND,Y55,LEICESTERSHIRE & LINCOLNSHIRE AREA TEAM,Q59,LEICESTER CITY CCG,04C00,RUSHEY MEAD HEALTH CENTRE,C82680,65,68,191,172,183,164,157,153,152,167,177,179,130,112,81,99,71,125,2446
3137,MIDLANDS AND EAST OF ENGLAND,Y55,LEICESTERSHIRE & LINCOLNSHIRE AREA TEAM,Q59,LEICESTER CITY CCG,04C00,SAFFRON GROUP PRACTICE,C82046,569,597,1309,1226,1083,1113,1227,1320,1198,1151,1172,1174,913,904,635,646,468,676,17381
3138,MIDLANDS AND EAST OF ENGLAND,Y55,LEICESTERSHIRE & LINCOLNSHIRE AREA TEAM,Q59,LEICESTER CITY CCG,04C00,SHEFA MEDICAL PRACTICE,C82080,187,175,362,378,325,311,388,377,415,292,343,253,252,164,150,119,80,97,4668
3139,MIDLANDS AND EAST OF ENGLAND,Y55,LEICESTERSHIRE & LINCOLNSHIRE AREA TEAM,Q59,LEICESTER CITY CCG,04C00,SPINNEY HILL MEDICAL CENTRE,C82024,581,525,1288,1215,1447,1286,1749,1599,1614,1430,1293,1231,1318,1238,690,677,414,578,20173
3140,MIDLANDS AND EAST OF ENGLAND,Y55,LEICESTERSHIRE & LINCOLNSHIRE AREA TEAM,Q59,LEICESTER CITY CCG,04C00,ST ELIZABETH'S MEDICAL CENTRE (JA WOOD),C82676,211,182,419,395,297,258,334,355,368,360,338,310,265,252,207,230,210,306,5297
3141,MIDLANDS AND EAST OF ENGLAND,Y55,LEICESTERSHIRE & LINCOLNSHIRE AREA TEAM,Q59,LEICESTER CITY CCG,04C00,ST MATTHEWS HEALTH & COMMUNITY CENTRE,C82023,173,145,419,371,253,224,185,242,231,251,187,202,116,121,106,100,60,100,3486
3142,MIDLANDS AND EAST OF ENGLAND,Y55,LEICESTERSHIRE & LINCOLNSHIRE AREA TEAM,Q59,LEICESTER CITY CCG,04C00,ST PETER'S MED CENTRE (MANSINGH & MEHRA),C82660,218,207,435,430,389,332,550,504,617,446,491,338,363,304,212,202,168,238,6444
3143,MIDLANDS AND EAST OF ENGLAND,Y55,LEICESTERSHIRE & LINCOLNSHIRE AREA TEAM,Q59,LEICESTER CITY CCG,04C00,THE CHARNWOOD PRACTICE,C82667,246,274,560,546,527,460,495,572,533,531,449,407,347,300,188,226,159,226,7046
3144,MIDLANDS AND EAST OF ENGLAND,Y55,LEICESTERSHIRE & LINCOLNSHIRE AREA TEAM,Q59,LEICESTER CITY CCG,04C00,THE HEDGES MEDICAL CENTRE (SA BAILEY),C82100,215,197,494,458,375,369,415,471,379,386,331,389,287,322,179,239,137,244,5887
3145,MIDLANDS AND EAST OF ENGLAND,Y55,LEICESTERSHIRE & LINCOLNSHIRE AREA TEAM,Q59,LEICESTER CITY CCG,04C00,THE PARKS MEDICAL CENTRE (B HAINSWORTH),C82610,239,268,559,550,337,315,317,459,372,398,345,307,217,194,167,174,92,150,5460
3146,MIDLANDS AND EAST OF ENGLAND,Y55,LEICESTERSHIRE & LINCOLNSHIRE AREA TEAM,Q59,LEICESTER CITY CCG,04C00,THE PRACTICE BEAUMONT LEYS,C82624,354,280,694,654,499,516,548,564,478,505,352,369,224,244,133,139,76,126,6755
3147,MIDLANDS AND EAST OF ENGLAND,Y55,LEICESTERSHIRE & LINCOLNSHIRE AREA TEAM,Q59,LEICESTER CITY CCG,04C00,THE PRACTICE-SAYEED,C82060,186,175,409,384,317,290,316,309,408,301,254,193,178,138,84,85,53,60,4140
3148,MIDLANDS AND EAST OF ENGLAND,Y55,LEICESTERSHIRE & LINCOLNSHIRE AREA TEAM,Q59,LEICESTER CITY CCG,04C00,THE SURGERY @ AYLESTONE,C82669,139,152,264,230,234,220,349,357,345,305,261,229,206,188,110,138,75,122,3924
3149,MIDLANDS AND EAST OF ENGLAND,Y55,LEICESTERSHIRE & LINCOLNSHIRE AREA TEAM,Q59,LEICESTER CITY CCG,04C00,THE WILLOWS MEDICAL CENTRE,Y00137,249,251,397,424,358,324,426,521,383,363,357,319,240,194,128,127,71,100,5232
3150,MIDLANDS AND EAST OF ENGLAND,Y55,LEICESTERSHIRE & LINCOLNSHIRE AREA TEAM,Q59,LEICESTER CITY CCG,04C00,VICTORIA PARK HEALTH CENTRE,C82124,276,281,378,365,4729,6211,2993,2938,1348,784,557,394,253,241,117,127,60,77,22129
3151,MIDLANDS AND EAST OF ENGLAND,Y55,LEICESTERSHIRE & LINCOLNSHIRE AREA TEAM,Q59,LEICESTER CITY CCG,04C00,WALNUT ST MED CTR (LEICESTER MED GROUP),C82662,121,116,228,199,303,333,517,467,444,304,275,190,144,115,77,60,33,43,3969
3152,MIDLANDS AND EAST OF ENGLAND,Y55,LEICESTERSHIRE & LINCOLNSHIRE AREA TEAM,Q59,LEICESTER CITY CCG,04C00,WESTCOTES GP SURGERY (ONE),C82059,59,43,82,59,82,86,172,121,114,82,101,68,57,41,62,55,54,75,1413
3153,MIDLANDS AND EAST OF ENGLAND,Y55,LEICESTERSHIRE & LINCOLNSHIRE AREA TEAM,Q59,LEICESTER CITY CCG,04C00,WESTCOTES GP SURGERY (TWO),C82653,41,36,80,71,76,73,179,116,142,67,100,85,50,48,37,36,24,30,1291
3154,MIDLANDS AND EAST OF ENGLAND,Y55,LEICESTERSHIRE & LINCOLNSHIRE AREA TEAM,Q59,LEICESTER CITY CCG,04C00,WESTCOTES HEALTH CENTRE (RL HAZELDINE),C82639,170,148,341,332,327,308,557,493,482,369,430,388,291,301,227,213,167,290,5834
3155,MIDLANDS AND EAST OF ENGLAND,Y55,LEICESTERSHIRE & LINCOLNSHIRE AREA TEAM,Q59,LEICESTER CITY CCG,04C00,WESTCOTES MEDICAL CENTRE,Y03587,264,242,388,313,319,397,671,682,574,441,484,387,351,259,213,159,110,163,6417
3156,MIDLANDS AND EAST OF ENGLAND,Y55,LEICESTERSHIRE & LINCOLNSHIRE AREA TEAM,Q59,LEICESTER CITY CCG,04C00,WILLOWBROOK MEDICAL CENTRE (JG ASTLES),C82029,423,381,804,795,615,627,667,827,712,758,817,834,774,725,556,595,499,810,12219
3157,MIDLANDS AND EAST OF ENGLAND,Y55,LEICESTERSHIRE & LINCOLNSHIRE AREA TEAM,Q59,LEICESTERSHIRE & LINCOLNSHIRE AREA TEAM,Q5900,C/O THE LIMES MEDICAL CENTRE,Y03584,0,0,0,0,4,1,11,0,15,0,9,4,1,1,0,1,0,0,47
3158,MIDLANDS AND EAST OF ENGLAND,Y55,LEICESTERSHIRE & LINCOLNSHIRE AREA TEAM,Q59,LINCOLNSHIRE EAST CCG,03T00,BEACON MEDICAL PRACTICE,C83019,527,457,1039,1038,1103,1022,1182,1129,1047,1025,1530,1512,1642,1668,1823,1854,1208,1395,22201
3159,MIDLANDS AND EAST OF ENGLAND,Y55,LEICESTERSHIRE & LINCOLNSHIRE AREA TEAM,Q59,LINCOLNSHIRE EAST CCG,03T00,BINBROOK SURGERY,C83643,43,45,113,101,107,101,105,95,88,88,161,188,194,208,239,181,115,132,2304
3160,MIDLANDS AND EAST OF ENGLAND,Y55,LEICESTERSHIRE & LINCOLNSHIRE AREA TEAM,Q59,LINCOLNSHIRE EAST CCG,03T00,CAISTOR HEALTH CENTRE,C83613,101,98,293,286,295,268,231,242,283,281,398,438,454,390,363,349,262,311,5343
3161,MIDLANDS AND EAST OF ENGLAND,Y55,LEICESTERSHIRE & LINCOLNSHIRE AREA TEAM,Q59,LINCOLNSHIRE EAST CCG,03T00,DR SINHA & PARTNERS,C83049,121,96,349,324,343,314,277,252,287,309,514,504,495,530,551,527,396,456,6645
3162,MIDLANDS AND EAST OF ENGLAND,Y55,LEICESTERSHIRE & LINCOLNSHIRE AREA TEAM,Q59,LINCOLNSHIRE EAST CCG,03T00,GREYFRIARS SURGERY,C83059,348,314,726,704,619,609,943,935,895,707,820,776,638,686,494,534,393,521,11662
3163,MIDLANDS AND EAST OF ENGLAND,Y55,LEICESTERSHIRE & LINCOLNSHIRE AREA TEAM,Q59,LINCOLNSHIRE EAST CCG,03T00,HAWTHORN MEDICAL PRACTICE,C83045,336,333,832,792,833,719,801,810,839,768,1115,1147,1159,1190,1275,1273,855,1033,16110
3164,MIDLANDS AND EAST OF ENGLAND,Y55,LEICESTERSHIRE & LINCOLNSHIRE AREA TEAM,Q59,LINCOLNSHIRE EAST CCG,03T00,HOLBEACH MEDICAL CENTRE,C83028,192,173,431,377,455,406,442,385,411,418,584,631,574,544,517,530,463,575,8108
3165,MIDLANDS AND EAST OF ENGLAND,Y55,LEICESTERSHIRE & LINCOLNSHIRE AREA TEAM,Q59,LINCOLNSHIRE EAST CCG,03T00,HORNCASTLE MEDICAL GROUP,C83027,187,197,443,458,405,411,454,451,408,438,673,707,675,632,645,704,585,697,9170
3166,MIDLANDS AND EAST OF ENGLAND,Y55,LEICESTERSHIRE & LINCOLNSHIRE AREA TEAM,Q59,LINCOLNSHIRE EAST CCG,03T00,JAMES STREET FAMILY PRACTICE,C83085,215,214,504,507,487,409,485,451,409,477,565,638,547,554,472,552,328,473,8287
3167,MIDLANDS AND EAST OF ENGLAND,Y55,LEICESTERSHIRE & LINCOLNSHIRE AREA TEAM,Q59,LINCOLNSHIRE EAST CCG,03T00,KIDGATE SURGERY,C83006,82,86,189,170,170,148,199,202,177,167,297,251,328,310,288,261,247,311,3883
3168,MIDLANDS AND EAST OF ENGLAND,Y55,LEICESTERSHIRE & LINCOLNSHIRE AREA TEAM,Q59,LINCOLNSHIRE EAST CCG,03T00,KIRTON MEDICAL CENTRE,C83057,197,199,394,413,313,333,421,417,323,345,401,404,379,365,346,383,258,336,6227
3169,MIDLANDS AND EAST OF ENGLAND,Y55,LEICESTERSHIRE & LINCOLNSHIRE AREA TEAM,Q59,LINCOLNSHIRE EAST CCG,03T00,LIQUORPOND SURGERY,C83004,275,268,659,653,617,592,819,767,815,709,830,792,667,650,615,611,471,640,11450
3170,MIDLANDS AND EAST OF ENGLAND,Y55,LEICESTERSHIRE & LINCOLNSHIRE AREA TEAM,Q59,LINCOLNSHIRE EAST CCG,03T00,MARISCO MEDICAL PRACTICE,C83064,264,230,534,496,571,529,513,503,481,464,809,842,1053,1203,1628,1663,1072,1240,14095
3171,MIDLANDS AND EAST OF ENGLAND,Y55,LEICESTERSHIRE & LINCOLNSHIRE AREA TEAM,Q59,LINCOLNSHIRE EAST CCG,03T00,MARKET RASEN SURGERY,C83043,237,254,510,474,533,511,510,552,508,488,720,758,727,767,767,781,552,649,10298
3172,MIDLANDS AND EAST OF ENGLAND,Y55,LEICESTERSHIRE & LINCOLNSHIRE AREA TEAM,Q59,LINCOLNSHIRE EAST CCG,03T00,MARSH MEDICAL PRACTICE,C83042,77,92,269,248,262,265,270,222,225,236,382,438,449,499,543,507,376,371,5731
3173,MIDLANDS AND EAST OF ENGLAND,Y55,LEICESTERSHIRE & LINCOLNSHIRE AREA TEAM,Q59,LINCOLNSHIRE EAST CCG,03T00,MERTON LODGE SURGERY,C83032,162,147,374,373,375,359,376,344,311,318,490,573,564,591,648,655,464,530,7654
3174,MIDLANDS AND EAST OF ENGLAND,Y55,LEICESTERSHIRE & LINCOLNSHIRE AREA TEAM,Q59,LINCOLNSHIRE EAST CCG,03T00,NEWMARKET MEDICAL PRACTICE,C83056,278,279,579,585,535,528,577,599,570,615,803,833,683,754,759,854,529,673,11033
3175,MIDLANDS AND EAST OF ENGLAND,Y55,LEICESTERSHIRE & LINCOLNSHIRE AREA TEAM,Q59,LINCOLNSHIRE EAST CCG,03T00,NORTH THORESBY SURGERY,C83061,182,173,454,515,440,432,442,449,415,426,720,778,728,782,772,828,537,596,9669
3176,MIDLANDS AND EAST OF ENGLAND,Y55,LEICESTERSHIRE & LINCOLNSHIRE AREA TEAM,Q59,LINCOLNSHIRE EAST CCG,03T00,PARKSIDE MEDICAL CENTRE,C83010,510,491,944,931,850,861,1384,1330,1203,1052,945,1055,771,843,629,667,462,640,15568
3177,MIDLANDS AND EAST OF ENGLAND,Y55,LEICESTERSHIRE & LINCOLNSHIRE AREA TEAM,Q59,LINCOLNSHIRE EAST CCG,03T00,SPILSBY SURGERY,C83005,162,177,359,370,352,324,340,336,331,323,506,546,558,556,606,588,432,581,7447
3178,MIDLANDS AND EAST OF ENGLAND,Y55,LEICESTERSHIRE & LINCOLNSHIRE AREA TEAM,Q59,LINCOLNSHIRE EAST CCG,03T00,STICKNEY SURGERY,C83055,100,100,288,249,287,240,237,237,232,257,386,423,428,421,451,405,284,307,5332
3179,MIDLANDS AND EAST OF ENGLAND,Y55,LEICESTERSHIRE & LINCOLNSHIRE AREA TEAM,Q59,LINCOLNSHIRE EAST CCG,03T00,STUART HOUSE SURGERY,C83060,230,200,498,419,482,504,629,574,436,432,512,537,507,529,369,422,299,452,8031
3180,MIDLANDS AND EAST OF ENGLAND,Y55,LEICESTERSHIRE & LINCOLNSHIRE AREA TEAM,Q59,LINCOLNSHIRE EAST CCG,03T00,SWINESHEAD SURGERY,C83015,166,171,437,390,446,338,397,372,408,394,603,619,616,641,653,674,481,571,8377
3181,MIDLANDS AND EAST OF ENGLAND,Y55,LEICESTERSHIRE & LINCOLNSHIRE AREA TEAM,Q59,LINCOLNSHIRE EAST CCG,03T00,TASBURGH LODGE SURGERY,C83634,93,89,174,184,158,141,158,167,148,156,235,262,278,270,341,386,348,371,3959
3182,MIDLANDS AND EAST OF ENGLAND,Y55,LEICESTERSHIRE & LINCOLNSHIRE AREA TEAM,Q59,LINCOLNSHIRE EAST CCG,03T00,THE NEW CONINGSBY SURGERY,C83083,277,223,500,503,393,381,386,523,355,457,518,566,538,573,507,511,373,414,7998
3183,MIDLANDS AND EAST OF ENGLAND,Y55,LEICESTERSHIRE & LINCOLNSHIRE AREA TEAM,Q59,LINCOLNSHIRE EAST CCG,03T00,THE WOLDS PRACTICE,C83605,38,33,116,117,118,117,87,105,116,112,212,276,273,288,272,280,140,157,2857
3184,MIDLANDS AND EAST OF ENGLAND,Y55,LEICESTERSHIRE & LINCOLNSHIRE AREA TEAM,Q59,LINCOLNSHIRE EAST CCG,03T00,THE WRAGBY SURGERY,C83650,78,90,197,191,165,150,166,193,160,182,236,249,271,284,278,301,222,236,3649
3185,MIDLANDS AND EAST OF ENGLAND,Y55,LEICESTERSHIRE & LINCOLNSHIRE AREA TEAM,Q59,LINCOLNSHIRE EAST CCG,03T00,WESTSIDE SURGERY,C83047,340,355,677,577,607,623,909,844,797,711,617,648,523,544,406,416,308,373,10275
3186,MIDLANDS AND EAST OF ENGLAND,Y55,LEICESTERSHIRE & LINCOLNSHIRE AREA TEAM,Q59,LINCOLNSHIRE EAST CCG,03T00,WOODHALL SPA NEW SURGERY,C83635,117,103,265,271,251,260,253,256,202,275,364,404,477,507,492,551,399,439,5886
3187,MIDLANDS AND EAST OF ENGLAND,Y55,LEICESTERSHIRE & LINCOLNSHIRE AREA TEAM,Q59,LINCOLNSHIRE WEST CCG,04D00,ABBEY MEDICAL PRACTICE,C83051,235,229,409,365,468,455,930,706,723,430,520,449,386,322,256,221,149,212,7465
3188,MIDLANDS AND EAST OF ENGLAND,Y55,LEICESTERSHIRE & LINCOLNSHIRE AREA TEAM,Q59,LINCOLNSHIRE WEST CCG,04D00,BIRCHWOOD MEDICAL PRACTICE,C83082,338,304,644,588,526,496,697,763,581,640,661,649,547,597,473,450,303,427,9684
3189,MIDLANDS AND EAST OF ENGLAND,Y55,LEICESTERSHIRE & LINCOLNSHIRE AREA TEAM,Q59,LINCOLNSHIRE WEST CCG,04D00,BOULTHAM PARK MEDICAL PRACTICE,C83014,322,326,597,603,617,559,705,687,610,617,683,679,542,550,455,518,371,503,9944
3190,MIDLANDS AND EAST OF ENGLAND,Y55,LEICESTERSHIRE & LINCOLNSHIRE AREA TEAM,Q59,LINCOLNSHIRE WEST CCG,04D00,BRANSTON & HEIGHINGTON FAMILY PRACTICE,C83029,131,115,328,339,319,282,265,266,245,334,482,495,395,398,388,386,303,377,5848
3191,MIDLANDS AND EAST OF ENGLAND,Y55,LEICESTERSHIRE & LINCOLNSHIRE AREA TEAM,Q59,LINCOLNSHIRE WEST CCG,04D00,BRANT ROAD SURGERY,C83078,182,205,428,397,390,374,460,483,424,440,516,528,488,496,358,399,233,302,7103
3192,MIDLANDS AND EAST OF ENGLAND,Y55,LEICESTERSHIRE & LINCOLNSHIRE AREA TEAM,Q59,LINCOLNSHIRE WEST CCG,04D00,BRAYFORD MEDICAL PRACTICE,C83626,248,237,346,314,456,501,810,785,552,466,497,401,353,341,244,232,121,137,7041
3193,MIDLANDS AND EAST OF ENGLAND,Y55,LEICESTERSHIRE & LINCOLNSHIRE AREA TEAM,Q59,LINCOLNSHIRE WEST CCG,04D00,CASKGATE STREET SURGERY,C83044,380,381,675,663,642,627,746,723,601,579,755,775,607,629,542,601,371,503,10800
3194,MIDLANDS AND EAST OF ENGLAND,Y55,LEICESTERSHIRE & LINCOLNSHIRE AREA TEAM,Q59,LINCOLNSHIRE WEST CCG,04D00,CHURCH WALK SURGERY,C83062,198,162,355,346,262,256,252,363,269,338,406,429,391,341,345,367,264,321,5665
3195,MIDLANDS AND EAST OF ENGLAND,Y55,LEICESTERSHIRE & LINCOLNSHIRE AREA TEAM,Q59,LINCOLNSHIRE WEST CCG,04D00,CLEVELAND SURGERY,C83018,441,452,859,825,742,761,857,903,797,731,911,922,759,792,686,644,515,626,13223
3196,MIDLANDS AND EAST OF ENGLAND,Y55,LEICESTERSHIRE & LINCOLNSHIRE AREA TEAM,Q59,LINCOLNSHIRE WEST CCG,04D00,CLIFF HOUSE MEDICAL PRACTICE,C83073,170,173,339,323,314,391,581,590,477,429,475,421,354,289,242,234,157,210,6169
3197,MIDLANDS AND EAST OF ENGLAND,Y55,LEICESTERSHIRE & LINCOLNSHIRE AREA TEAM,Q59,LINCOLNSHIRE WEST CCG,04D00,CROSSROADS MEDICAL PRACTICE,C83637,194,164,383,377,360,323,327,404,383,382,450,479,384,355,399,397,385,467,6613
3198,MIDLANDS AND EAST OF ENGLAND,Y55,LEICESTERSHIRE & LINCOLNSHIRE AREA TEAM,Q59,LINCOLNSHIRE WEST CCG,04D00,GLEBE PARK SURGERY,C83079,146,146,256,268,236,247,371,416,294,325,297,309,266,291,216,233,124,141,4582
3199,MIDLANDS AND EAST OF ENGLAND,Y55,LEICESTERSHIRE & LINCOLNSHIRE AREA TEAM,Q59,LINCOLNSHIRE WEST CCG,04D00,HAWTHORN SURGERY,C83633,120,93,261,246,233,224,158,188,222,260,355,388,327,316,266,283,197,263,4400
3200,MIDLANDS AND EAST OF ENGLAND,Y55,LEICESTERSHIRE & LINCOLNSHIRE AREA TEAM,Q59,LINCOLNSHIRE WEST CCG,04D00,HIBALDSTOW MEDICAL PRACTICE,C83033,69,68,174,177,174,132,175,170,157,185,264,272,286,257,246,262,181,194,3443
3201,MIDLANDS AND EAST OF ENGLAND,Y55,LEICESTERSHIRE & LINCOLNSHIRE AREA TEAM,Q59,LINCOLNSHIRE WEST CCG,04D00,LINDUM MEDICAL PRACTICE,C83009,334,306,643,599,538,638,730,790,567,607,602,633,501,511,403,437,319,435,9593
3202,MIDLANDS AND EAST OF ENGLAND,Y55,LEICESTERSHIRE & LINCOLNSHIRE AREA TEAM,Q59,LINCOLNSHIRE WEST CCG,04D00,MINSTER MEDICAL PRACTICE,C83072,349,335,715,604,584,546,663,700,581,728,697,735,618,694,477,568,377,567,10538
3203,MIDLANDS AND EAST OF ENGLAND,Y55,LEICESTERSHIRE & LINCOLNSHIRE AREA TEAM,Q59,LINCOLNSHIRE WEST CCG,04D00,NAVENBY CLIFF VILLAGES SURGERY,C83002,274,259,533,494,418,383,301,505,288,521,551,675,532,548,511,566,431,583,8373
3204,MIDLANDS AND EAST OF ENGLAND,Y55,LEICESTERSHIRE & LINCOLNSHIRE AREA TEAM,Q59,LINCOLNSHIRE WEST CCG,04D00,NETTLEHAM MEDICAL PRACTICE,C83031,249,204,630,565,519,423,498,517,580,606,765,834,752,817,903,998,768,948,11576
3205,MIDLANDS AND EAST OF ENGLAND,Y55,LEICESTERSHIRE & LINCOLNSHIRE AREA TEAM,Q59,LINCOLNSHIRE WEST CCG,04D00,NEWARK ROAD SURGERY,C83071,185,150,399,374,408,392,456,424,423,443,547,552,511,502,456,475,282,402,7381
3206,MIDLANDS AND EAST OF ENGLAND,Y55,LEICESTERSHIRE & LINCOLNSHIRE AREA TEAM,Q59,LINCOLNSHIRE WEST CCG,04D00,PORTLAND MEDICAL PRACTICE,C83001,307,259,518,453,543,610,1013,946,831,595,714,572,575,477,353,302,237,294,9599
3207,MIDLANDS AND EAST OF ENGLAND,Y55,LEICESTERSHIRE & LINCOLNSHIRE AREA TEAM,Q59,LINCOLNSHIRE WEST CCG,04D00,RICHMOND MEDICAL CENTRE,C83025,303,303,598,558,546,534,612,720,526,604,700,785,582,682,522,622,443,637,10277
3208,MIDLANDS AND EAST OF ENGLAND,Y55,LEICESTERSHIRE & LINCOLNSHIRE AREA TEAM,Q59,LINCOLNSHIRE WEST CCG,04D00,SPRINGCLIFFE SURGERY,C83016,71,71,93,77,159,175,230,231,156,128,163,156,135,119,115,106,100,167,2452
3209,MIDLANDS AND EAST OF ENGLAND,Y55,LEICESTERSHIRE & LINCOLNSHIRE AREA TEAM,Q59,LINCOLNSHIRE WEST CCG,04D00,THE BASSINGHAM SURGERY,C83611,218,207,395,449,310,306,345,446,415,485,481,501,362,370,329,328,205,202,6354
3210,MIDLANDS AND EAST OF ENGLAND,Y55,LEICESTERSHIRE & LINCOLNSHIRE AREA TEAM,Q59,LINCOLNSHIRE WEST CCG,04D00,THE GLEBE PRACTICE,C83038,193,181,393,411,420,334,389,402,420,448,638,641,613,608,601,640,422,534,8288
3211,MIDLANDS AND EAST OF ENGLAND,Y55,LEICESTERSHIRE & LINCOLNSHIRE AREA TEAM,Q59,LINCOLNSHIRE WEST CCG,04D00,THE HEATH SURGERY,C83046,170,160,362,363,320,298,427,424,407,417,500,465,389,341,256,264,217,275,6055
3212,MIDLANDS AND EAST OF ENGLAND,Y55,LEICESTERSHIRE & LINCOLNSHIRE AREA TEAM,Q59,LINCOLNSHIRE WEST CCG,04D00,THE INGHAM SURGERY,C83052,77,70,213,189,188,174,167,177,172,194,288,296,267,256,209,215,144,117,3413
3213,MIDLANDS AND EAST OF ENGLAND,Y55,LEICESTERSHIRE & LINCOLNSHIRE AREA TEAM,Q59,LINCOLNSHIRE WEST CCG,04D00,THE WITHAM PRACTICE,C83652,36,36,92,72,141,147,223,120,215,120,175,113,110,61,65,49,37,75,1887
3214,MIDLANDS AND EAST OF ENGLAND,Y55,LEICESTERSHIRE & LINCOLNSHIRE AREA TEAM,Q59,LINCOLNSHIRE WEST CCG,04D00,THE WOODLAND MEDICAL PRACTICE,C83041,233,210,474,409,401,419,565,574,471,465,495,543,459,479,438,482,328,433,7878
3215,MIDLANDS AND EAST OF ENGLAND,Y55,LEICESTERSHIRE & LINCOLNSHIRE AREA TEAM,Q59,LINCOLNSHIRE WEST CCG,04D00,TRENT VALLEY SURGERY,C83641,83,91,190,153,179,187,198,211,154,179,289,309,328,364,443,413,293,278,4342
3216,MIDLANDS AND EAST OF ENGLAND,Y55,LEICESTERSHIRE & LINCOLNSHIRE AREA TEAM,Q59,LINCOLNSHIRE WEST CCG,04D00,UNIVERSITY HEALTH CENTRE,Y04942,3,2,4,1,3909,4948,460,282,38,34,11,7,6,3,2,1,0,0,9711
3217,MIDLANDS AND EAST OF ENGLAND,Y55,LEICESTERSHIRE & LINCOLNSHIRE AREA TEAM,Q59,LINCOLNSHIRE WEST CCG,04D00,WASHINGBOROUGH SURGERY,C83058,151,120,360,342,310,318,300,307,338,358,496,542,475,552,561,632,426,482,7070
3218,MIDLANDS AND EAST OF ENGLAND,Y55,LEICESTERSHIRE & LINCOLNSHIRE AREA TEAM,Q59,LINCOLNSHIRE WEST CCG,04D00,WELTON FAMILY HEALTH CENTRE,C83037,208,204,603,573,550,506,420,464,430,553,693,773,587,646,550,583,389,459,9191
3219,MIDLANDS AND EAST OF ENGLAND,Y55,LEICESTERSHIRE & LINCOLNSHIRE AREA TEAM,Q59,LINCOLNSHIRE WEST CCG,04D00,WILLINGHAM-BY-STOW SURGERY,C83074,67,65,189,158,191,158,161,149,185,214,338,319,333,364,345,311,207,236,3990
3220,MIDLANDS AND EAST OF ENGLAND,Y55,LEICESTERSHIRE & LINCOLNSHIRE AREA TEAM,Q59,SOUTH LINCOLNSHIRE CCG,99D00,ABBEYVIEW SURGERY,C83617,173,191,429,470,387,375,341,371,416,475,638,573,509,515,456,475,274,301,7369
3221,MIDLANDS AND EAST OF ENGLAND,Y55,LEICESTERSHIRE & LINCOLNSHIRE AREA TEAM,Q59,SOUTH LINCOLNSHIRE CCG,99D00,BEECHFIELD MEDICAL CENTRE,C83003,554,523,967,954,878,939,1463,1450,1207,1084,1189,1158,936,921,792,889,676,925,17505
3222,MIDLANDS AND EAST OF ENGLAND,Y55,LEICESTERSHIRE & LINCOLNSHIRE AREA TEAM,Q59,SOUTH LINCOLNSHIRE CCG,99D00,BOURNE GALLETLY PRACTICE TEAM,C83054,330,292,679,625,589,507,632,660,614,653,839,849,712,752,681,704,535,698,11351
3223,MIDLANDS AND EAST OF ENGLAND,Y55,LEICESTERSHIRE & LINCOLNSHIRE AREA TEAM,Q59,SOUTH LINCOLNSHIRE CCG,99D00,GOSBERTON MEDICAL CENTRE,C83036,174,176,379,326,314,346,287,326,295,386,480,484,525,520,487,539,347,436,6827
3224,MIDLANDS AND EAST OF ENGLAND,Y55,LEICESTERSHIRE & LINCOLNSHIRE AREA TEAM,Q59,SOUTH LINCOLNSHIRE CCG,99D00,HEREWARD MEDICAL CENTRE,C83035,340,315,767,769,654,648,630,675,714,811,952,981,782,807,695,773,534,754,12601
3225,MIDLANDS AND EAST OF ENGLAND,Y55,LEICESTERSHIRE & LINCOLNSHIRE AREA TEAM,Q59,SOUTH LINCOLNSHIRE CCG,99D00,LAKESIDE HEALTHCARE STAMFORD,C83007,719,677,1633,1513,1364,1272,1478,1614,1731,1804,2073,2149,1817,1771,1640,1748,1223,1652,27878
3226,MIDLANDS AND EAST OF ENGLAND,Y55,LEICESTERSHIRE & LINCOLNSHIRE AREA TEAM,Q59,SOUTH LINCOLNSHIRE CCG,99D00,LITTLEBURY MEDICAL CENTRE,C83065,165,172,347,291,369,336,349,381,403,364,459,462,419,481,445,464,370,484,6761
3227,MIDLANDS AND EAST OF ENGLAND,Y55,LEICESTERSHIRE & LINCOLNSHIRE AREA TEAM,Q59,SOUTH LINCOLNSHIRE CCG,99D00,LONG SUTTON MEDICAL CTR.,C83063,407,368,813,751,789,715,843,781,729,785,1113,1113,1096,1107,1173,1208,963,1183,15937
3228,MIDLANDS AND EAST OF ENGLAND,Y55,LEICESTERSHIRE & LINCOLNSHIRE AREA TEAM,Q59,SOUTH LINCOLNSHIRE CCG,99D00,MOULTON MEDICAL CENTRE,C83039,93,76,255,257,258,235,204,212,228,226,439,443,425,436,468,447,359,379,5440
3229,MIDLANDS AND EAST OF ENGLAND,Y55,LEICESTERSHIRE & LINCOLNSHIRE AREA TEAM,Q59,SOUTH LINCOLNSHIRE CCG,99D00,MUNRO MEDICAL CENTRE,C83022,563,559,1127,1067,1066,1060,1498,1433,1413,1244,1431,1335,1132,1123,996,1103,816,1115,20081
3230,MIDLANDS AND EAST OF ENGLAND,Y55,LEICESTERSHIRE & LINCOLNSHIRE AREA TEAM,Q59,SOUTH LINCOLNSHIRE CCG,99D00,PENNYGATE SURGERY,C83631,102,88,220,220,193,148,269,260,246,254,264,236,182,183,125,153,115,174,3432
3231,MIDLANDS AND EAST OF ENGLAND,Y55,LEICESTERSHIRE & LINCOLNSHIRE AREA TEAM,Q59,SOUTH LINCOLNSHIRE CCG,99D00,SUTTERTON SURGERY,C83614,70,73,177,181,198,171,174,157,170,186,275,288,275,259,262,290,179,212,3597
3232,MIDLANDS AND EAST OF ENGLAND,Y55,LEICESTERSHIRE & LINCOLNSHIRE AREA TEAM,Q59,SOUTH LINCOLNSHIRE CCG,99D00,THE DEEPINGS PRACTICE,C83026,558,519,1376,1375,1206,1158,1053,1143,1249,1431,1803,1979,1716,1808,1569,1644,1003,1257,23847
3233,MIDLANDS AND EAST OF ENGLAND,Y55,LEICESTERSHIRE & LINCOLNSHIRE AREA TEAM,Q59,SOUTH LINCOLNSHIRE CCG,99D00,THE LITTLE SURGERY,C83068,99,95,204,173,206,159,214,234,245,257,281,294,227,253,210,248,154,180,3733
3234,MIDLANDS AND EAST OF ENGLAND,Y55,LEICESTERSHIRE & LINCOLNSHIRE AREA TEAM,Q59,SOUTH WEST LINCOLNSHIRE CCG,04Q00,BELVOIR VALE SURGERY,C82123,68,53,226,208,137,130,102,118,168,188,295,280,263,272,225,241,187,197,3358
3235,MIDLANDS AND EAST OF ENGLAND,Y55,LEICESTERSHIRE & LINCOLNSHIRE AREA TEAM,Q59,SOUTH WEST LINCOLNSHIRE CCG,04Q00,BILLINGHAY MEDICAL PRACTICE,C83030,112,126,264,245,254,231,188,228,214,245,370,381,347,345,353,356,235,299,4793
3236,MIDLANDS AND EAST OF ENGLAND,Y55,LEICESTERSHIRE & LINCOLNSHIRE AREA TEAM,Q59,SOUTH WEST LINCOLNSHIRE CCG,04Q00,CAYTHORPE & ANCASTER MEDICAL PRACTICE,C83020,186,165,475,552,421,429,366,385,424,470,715,754,688,684,648,669,475,508,9014
3237,MIDLANDS AND EAST OF ENGLAND,Y55,LEICESTERSHIRE & LINCOLNSHIRE AREA TEAM,Q59,SOUTH WEST LINCOLNSHIRE CCG,04Q00,COLSTERWORTH SURGERY,C83053,50,49,114,113,124,90,121,103,128,132,204,184,193,157,168,151,134,118,2333
3238,MIDLANDS AND EAST OF ENGLAND,Y55,LEICESTERSHIRE & LINCOLNSHIRE AREA TEAM,Q59,SOUTH WEST LINCOLNSHIRE CCG,04Q00,LONG BENNINGTON SURGERY,C83067,95,110,330,321,250,250,167,187,229,300,487,526,458,479,458,493,350,369,5859
3239,MIDLANDS AND EAST OF ENGLAND,Y55,LEICESTERSHIRE & LINCOLNSHIRE AREA TEAM,Q59,SOUTH WEST LINCOLNSHIRE CCG,04Q00,MARKET CROSS SURGERY,C83649,122,88,275,278,240,225,176,209,259,266,370,421,362,354,320,325,177,201,4668
3240,MIDLANDS AND EAST OF ENGLAND,Y55,LEICESTERSHIRE & LINCOLNSHIRE AREA TEAM,Q59,SOUTH WEST LINCOLNSHIRE CCG,04Q00,MILLVIEW MEDICAL CENTRE,C83011,237,243,560,556,538,480,481,525,424,555,756,799,613,589,586,619,457,570,9588
3241,MIDLANDS AND EAST OF ENGLAND,Y55,LEICESTERSHIRE & LINCOLNSHIRE AREA TEAM,Q59,SOUTH WEST LINCOLNSHIRE CCG,04Q00,RUSKINGTON SURGERY,C83013,153,155,403,365,408,346,354,362,294,377,554,635,553,525,530,604,468,534,7620
3242,MIDLANDS AND EAST OF ENGLAND,Y55,LEICESTERSHIRE & LINCOLNSHIRE AREA TEAM,Q59,SOUTH WEST LINCOLNSHIRE CCG,04Q00,SLEAFORD MEDICAL GROUP,C83023,440,428,1001,1022,1049,968,1023,1027,952,966,1402,1533,1190,1174,1072,1177,792,1012,18228
3243,MIDLANDS AND EAST OF ENGLAND,Y55,LEICESTERSHIRE & LINCOLNSHIRE AREA TEAM,Q59,SOUTH WEST LINCOLNSHIRE CCG,04Q00,ST. JOHNS MEDICAL CENTRE,C83048,524,469,877,940,846,889,1185,1141,1034,985,1112,1025,759,816,703,764,452,590,15111
3244,MIDLANDS AND EAST OF ENGLAND,Y55,LEICESTERSHIRE & LINCOLNSHIRE AREA TEAM,Q59,SOUTH WEST LINCOLNSHIRE CCG,04Q00,ST. PETERS HILL SURGERY,C83040,380,358,815,816,877,858,1057,889,993,886,1195,1057,1021,962,922,946,729,1025,15786
3245,MIDLANDS AND EAST OF ENGLAND,Y55,LEICESTERSHIRE & LINCOLNSHIRE AREA TEAM,Q59,SOUTH WEST LINCOLNSHIRE CCG,04Q00,SWINGBRIDGE SURGERY,C83008,220,230,466,450,383,309,349,443,424,396,430,418,328,312,274,305,164,223,6124
3246,MIDLANDS AND EAST OF ENGLAND,Y55,LEICESTERSHIRE & LINCOLNSHIRE AREA TEAM,Q59,SOUTH WEST LINCOLNSHIRE CCG,04Q00,THE GLENSIDE COUNTRY PRACTICE,C83024,53,52,191,196,187,170,141,145,181,167,311,315,258,271,263,278,167,149,3495
3247,MIDLANDS AND EAST OF ENGLAND,Y55,LEICESTERSHIRE & LINCOLNSHIRE AREA TEAM,Q59,SOUTH WEST LINCOLNSHIRE CCG,04Q00,THE HARROWBY LANE SURGERY,C83080,158,172,395,385,330,297,341,355,316,371,424,425,368,387,268,280,144,229,5645
3248,MIDLANDS AND EAST OF ENGLAND,Y55,LEICESTERSHIRE & LINCOLNSHIRE AREA TEAM,Q59,SOUTH WEST LINCOLNSHIRE CCG,04Q00,THE NEW SPRINGWELLS PRACTICE,Y01652,135,122,347,331,320,303,263,247,272,328,481,582,515,502,461,460,339,369,6377
3249,MIDLANDS AND EAST OF ENGLAND,Y55,LEICESTERSHIRE & LINCOLNSHIRE AREA TEAM,Q59,SOUTH WEST LINCOLNSHIRE CCG,04Q00,THE STACKYARD SURGERY,C83653,36,25,104,119,111,84,56,66,71,102,173,206,134,136,109,130,63,71,1796
3250,MIDLANDS AND EAST OF ENGLAND,Y55,LEICESTERSHIRE & LINCOLNSHIRE AREA TEAM,Q59,SOUTH WEST LINCOLNSHIRE CCG,04Q00,THE WELBY PRACTICE,C82076,92,75,276,278,191,182,184,173,264,267,391,363,388,328,332,306,234,231,4555
3251,MIDLANDS AND EAST OF ENGLAND,Y55,LEICESTERSHIRE & LINCOLNSHIRE AREA TEAM,Q59,SOUTH WEST LINCOLNSHIRE CCG,04Q00,VINE STREET SURGERY,C83075,211,206,416,430,404,392,404,474,385,432,576,610,503,518,419,476,266,406,7528
3252,MIDLANDS AND EAST OF ENGLAND,Y55,LEICESTERSHIRE & LINCOLNSHIRE AREA TEAM,Q59,SOUTH WEST LINCOLNSHIRE CCG,04Q00,WOOLSTHORPE SURGERY,C83628,27,32,89,79,63,64,56,56,91,101,117,116,114,98,91,106,68,75,1443
3253,MIDLANDS AND EAST OF ENGLAND,Y55,LEICESTERSHIRE & LINCOLNSHIRE AREA TEAM,Q59,WEST LEICESTERSHIRE CCG,04V00,ALPINE HOUSE SURGERY,C82095,311,267,572,524,496,468,556,622,523,616,724,792,595,639,462,485,355,442,9449
3254,MIDLANDS AND EAST OF ENGLAND,Y55,LEICESTERSHIRE & LINCOLNSHIRE AREA TEAM,Q59,WEST LEICESTERSHIRE CCG,04V00,BARROW HEALTH CENTRE,C82062,203,184,475,487,377,337,358,414,478,532,693,685,606,573,546,581,338,399,8266
3255,MIDLANDS AND EAST OF ENGLAND,Y55,LEICESTERSHIRE & LINCOLNSHIRE AREA TEAM,Q59,WEST LEICESTERSHIRE CCG,04V00,BARWELL & HOLLYCROFT MEDICAL CENTRES,C82061,424,386,792,713,607,589,873,1023,891,813,940,870,717,696,609,562,300,425,12230
3256,MIDLANDS AND EAST OF ENGLAND,Y55,LEICESTERSHIRE & LINCOLNSHIRE AREA TEAM,Q59,WEST LEICESTERSHIRE CCG,04V00,BIRSTALL MEDICAL CENTRE,C82091,299,302,481,483,417,371,513,615,494,468,525,490,428,411,305,315,241,354,7512
3257,MIDLANDS AND EAST OF ENGLAND,Y55,LEICESTERSHIRE & LINCOLNSHIRE AREA TEAM,Q59,WEST LEICESTERSHIRE CCG,04V00,BRIDGE STREET MEDICAL PRACTICE,C82026,199,183,425,444,520,389,621,582,602,485,662,534,578,530,430,464,355,463,8466
3258,MIDLANDS AND EAST OF ENGLAND,Y55,LEICESTERSHIRE & LINCOLNSHIRE AREA TEAM,Q59,WEST LEICESTERSHIRE CCG,04V00,BROOM LEYS SURGERY,C82072,205,209,505,440,483,377,475,473,480,498,578,561,477,496,424,456,290,371,7798
3259,MIDLANDS AND EAST OF ENGLAND,Y55,LEICESTERSHIRE & LINCOLNSHIRE AREA TEAM,Q59,WEST LEICESTERSHIRE CCG,04V00,CASTLE DONINGTON SURGERY,C82007,249,252,515,429,493,420,539,555,603,614,815,766,685,630,628,637,386,437,9653
3260,MIDLANDS AND EAST OF ENGLAND,Y55,LEICESTERSHIRE & LINCOLNSHIRE AREA TEAM,Q59,WEST LEICESTERSHIRE CCG,04V00,CASTLE MEAD MEDICAL CENTRE,C82075,287,215,572,516,477,473,556,643,647,619,795,763,689,665,600,681,400,539,10137
3261,MIDLANDS AND EAST OF ENGLAND,Y55,LEICESTERSHIRE & LINCOLNSHIRE AREA TEAM,Q59,WEST LEICESTERSHIRE CCG,04V00,CASTLE MEDICAL GROUP,C82014,355,363,1006,956,853,698,775,813,941,980,1126,1122,883,895,830,875,471,618,14560
3262,MIDLANDS AND EAST OF ENGLAND,Y55,LEICESTERSHIRE & LINCOLNSHIRE AREA TEAM,Q59,WEST LEICESTERSHIRE CCG,04V00,CHARNWOOD MEDICAL GROUP,C82041,354,281,728,659,861,691,874,825,832,727,789,769,690,666,612,603,389,536,11886
3263,MIDLANDS AND EAST OF ENGLAND,Y55,LEICESTERSHIRE & LINCOLNSHIRE AREA TEAM,Q59,WEST LEICESTERSHIRE CCG,04V00,CHARNWOOD SURGERY,C82097,31,34,69,59,53,53,102,79,121,85,125,85,125,86,93,76,68,51,1395
3264,MIDLANDS AND EAST OF ENGLAND,Y55,LEICESTERSHIRE & LINCOLNSHIRE AREA TEAM,Q59,WEST LEICESTERSHIRE CCG,04V00,DESFORD MEDICAL CENTRE,C82650,196,185,357,355,219,207,287,303,317,371,348,336,273,291,235,240,166,225,4911
3265,MIDLANDS AND EAST OF ENGLAND,Y55,LEICESTERSHIRE & LINCOLNSHIRE AREA TEAM,Q59,WEST LEICESTERSHIRE CCG,04V00,DISHLEY GRANGE MEDICAL PRACTICE,C82103,269,229,480,426,366,380,550,564,556,561,586,526,492,514,388,425,205,277,7794
3266,MIDLANDS AND EAST OF ENGLAND,Y55,LEICESTERSHIRE & LINCOLNSHIRE AREA TEAM,Q59,WEST LEICESTERSHIRE CCG,04V00,DR AM LEWIS' PRACTICE,C82052,79,88,202,238,204,189,247,220,247,210,341,294,299,246,288,241,156,210,3999
3267,MIDLANDS AND EAST OF ENGLAND,Y55,LEICESTERSHIRE & LINCOLNSHIRE AREA TEAM,Q59,WEST LEICESTERSHIRE CCG,04V00,DR BJ SHAH'S PRACTICE,C82657,24,29,74,54,80,71,70,78,90,74,146,122,122,93,87,85,44,86,1429
3268,MIDLANDS AND EAST OF ENGLAND,Y55,LEICESTERSHIRE & LINCOLNSHIRE AREA TEAM,Q59,WEST LEICESTERSHIRE CCG,04V00,DR D DAWES PRACTICE,C82663,82,70,200,177,173,180,197,195,172,199,272,307,263,248,240,253,149,265,3642
3269,MIDLANDS AND EAST OF ENGLAND,Y55,LEICESTERSHIRE & LINCOLNSHIRE AREA TEAM,Q59,WEST LEICESTERSHIRE CCG,04V00,DR EA HEPPLEWHITE'S PRACTICE,C82120,86,86,209,174,183,175,228,196,207,224,226,274,245,300,237,242,131,162,3585
3270,MIDLANDS AND EAST OF ENGLAND,Y55,LEICESTERSHIRE & LINCOLNSHIRE AREA TEAM,Q59,WEST LEICESTERSHIRE CCG,04V00,DR MK LAKHANI'S PRACTICE,C82644,143,149,256,240,183,174,293,330,256,267,262,302,203,227,175,163,101,162,3886
3271,MIDLANDS AND EAST OF ENGLAND,Y55,LEICESTERSHIRE & LINCOLNSHIRE AREA TEAM,Q59,WEST LEICESTERSHIRE CCG,04V00,DR NR PULMAN'S PRACTICE,C82050,419,391,851,774,760,786,883,969,989,905,1151,1088,869,803,781,805,560,661,14445
3272,MIDLANDS AND EAST OF ENGLAND,Y55,LEICESTERSHIRE & LINCOLNSHIRE AREA TEAM,Q59,WEST LEICESTERSHIRE CCG,04V00,DR NW OSBORNE'S PRACTICE,C82032,224,204,419,381,349,361,374,466,425,455,521,550,427,446,409,462,309,422,7204
3273,MIDLANDS AND EAST OF ENGLAND,Y55,LEICESTERSHIRE & LINCOLNSHIRE AREA TEAM,Q59,WEST LEICESTERSHIRE CCG,04V00,DR SJC CLAY'S PRACTICE,Y00252,84,66,195,177,145,131,168,163,208,215,261,260,193,188,184,171,113,123,3045
3274,MIDLANDS AND EAST OF ENGLAND,Y55,LEICESTERSHIRE & LINCOLNSHIRE AREA TEAM,Q59,WEST LEICESTERSHIRE CCG,04V00,DR YB SHAH'S PRACTICE,C82627,141,130,313,318,242,225,344,346,357,318,295,320,322,307,214,219,136,188,4735
3275,MIDLANDS AND EAST OF ENGLAND,Y55,LEICESTERSHIRE & LINCOLNSHIRE AREA TEAM,Q59,WEST LEICESTERSHIRE CCG,04V00,FIELD STREET SURGERY,C82656,64,72,134,141,109,102,123,168,152,129,181,152,131,139,174,148,100,108,2327
3276,MIDLANDS AND EAST OF ENGLAND,Y55,LEICESTERSHIRE & LINCOLNSHIRE AREA TEAM,Q59,WEST LEICESTERSHIRE CCG,04V00,FOREST HOUSE SURGERY,C82064,293,297,578,616,593,539,705,727,753,712,877,838,778,786,670,710,503,633,11608
3277,MIDLANDS AND EAST OF ENGLAND,Y55,LEICESTERSHIRE & LINCOLNSHIRE AREA TEAM,Q59,WEST LEICESTERSHIRE CCG,04V00,GREENGATE MEDICAL CENTRE,C82003,303,318,640,652,618,583,724,693,658,709,879,859,677,733,570,621,510,649,11396
3278,MIDLANDS AND EAST OF ENGLAND,Y55,LEICESTERSHIRE & LINCOLNSHIRE AREA TEAM,Q59,WEST LEICESTERSHIRE CCG,04V00,GROBY SURGERY,C82628,92,80,184,146,183,171,269,196,199,194,234,240,257,263,195,206,125,142,3376
3279,MIDLANDS AND EAST OF ENGLAND,Y55,LEICESTERSHIRE & LINCOLNSHIRE AREA TEAM,Q59,WEST LEICESTERSHIRE CCG,04V00,HEATH LANE SURGERY,C82121,413,415,814,776,775,777,946,956,939,934,1105,992,951,979,842,864,479,618,14575
3280,MIDLANDS AND EAST OF ENGLAND,Y55,LEICESTERSHIRE & LINCOLNSHIRE AREA TEAM,Q59,WEST LEICESTERSHIRE CCG,04V00,HUGGLESCOTE SURGERY,C82096,272,287,495,459,383,393,485,593,519,526,549,535,433,430,359,353,230,253,7554
3281,MIDLANDS AND EAST OF ENGLAND,Y55,LEICESTERSHIRE & LINCOLNSHIRE AREA TEAM,Q59,WEST LEICESTERSHIRE CCG,04V00,IBSTOCK HOUSE SURGERY,C82012,309,277,634,574,563,538,562,592,612,646,833,811,667,627,617,638,426,516,10442
3282,MIDLANDS AND EAST OF ENGLAND,Y55,LEICESTERSHIRE & LINCOLNSHIRE AREA TEAM,Q59,WEST LEICESTERSHIRE CCG,04V00,MANOR HOUSE SURGERY,C82102,73,85,258,224,192,160,153,151,224,239,331,367,340,318,293,277,130,155,3970
3283,MIDLANDS AND EAST OF ENGLAND,Y55,LEICESTERSHIRE & LINCOLNSHIRE AREA TEAM,Q59,WEST LEICESTERSHIRE CCG,04V00,MAPLES FAMILY MED.PRACT.,C82047,280,252,612,491,558,538,658,643,660,646,826,852,725,725,573,603,346,434,10422
3284,MIDLANDS AND EAST OF ENGLAND,Y55,LEICESTERSHIRE & LINCOLNSHIRE AREA TEAM,Q59,WEST LEICESTERSHIRE CCG,04V00,MARKFIELD MEDICAL CENTRE,C82028,152,161,371,332,345,348,346,350,311,365,546,561,477,492,489,516,357,448,6967
3285,MIDLANDS AND EAST OF ENGLAND,Y55,LEICESTERSHIRE & LINCOLNSHIRE AREA TEAM,Q59,WEST LEICESTERSHIRE CCG,04V00,MEASHAM MEDICAL UNIT,C82017,302,243,779,740,705,621,665,638,708,775,1065,1039,932,912,820,885,518,593,12940
3286,MIDLANDS AND EAST OF ENGLAND,Y55,LEICESTERSHIRE & LINCOLNSHIRE AREA TEAM,Q59,WEST LEICESTERSHIRE CCG,04V00,NEWBOLD VERDON MED.PRACT.,C82051,278,258,588,573,535,487,557,584,558,600,870,876,782,833,829,839,490,618,11155
3287,MIDLANDS AND EAST OF ENGLAND,Y55,LEICESTERSHIRE & LINCOLNSHIRE AREA TEAM,Q59,WEST LEICESTERSHIRE CCG,04V00,NN VAGHELA'S PRACTICE,C82111,58,58,130,105,7668,5315,2342,812,338,169,112,59,51,29,14,9,5,5,17279
3288,MIDLANDS AND EAST OF ENGLAND,Y55,LEICESTERSHIRE & LINCOLNSHIRE AREA TEAM,Q59,WEST LEICESTERSHIRE CCG,04V00,PARK VIEW SURGERY,C82035,208,174,429,437,446,439,572,537,552,499,542,505,459,415,396,389,263,325,7587
3289,MIDLANDS AND EAST OF ENGLAND,Y55,LEICESTERSHIRE & LINCOLNSHIRE AREA TEAM,Q59,WEST LEICESTERSHIRE CCG,04V00,PINFOLD MEDICAL PRACTICE,C82011,336,320,651,597,614,607,945,857,764,648,714,642,653,596,488,556,386,510,10884
3290,MIDLANDS AND EAST OF ENGLAND,Y55,LEICESTERSHIRE & LINCOLNSHIRE AREA TEAM,Q59,WEST LEICESTERSHIRE CCG,04V00,QUORN MEDICAL CENTRE,C82034,201,199,550,505,705,474,392,404,535,590,688,692,528,542,495,523,341,429,8793
3291,MIDLANDS AND EAST OF ENGLAND,Y55,LEICESTERSHIRE & LINCOLNSHIRE AREA TEAM,Q59,WEST LEICESTERSHIRE CCG,04V00,RATBY SURGERY,C82634,101,112,181,191,179,181,252,256,231,213,270,265,243,173,151,148,103,109,3359
3292,MIDLANDS AND EAST OF ENGLAND,Y55,LEICESTERSHIRE & LINCOLNSHIRE AREA TEAM,Q59,WEST LEICESTERSHIRE CCG,04V00,STATION VIEW HEALTH CENTRE,C82043,349,302,700,639,584,627,794,799,802,733,977,935,770,755,732,781,612,765,12656
3293,MIDLANDS AND EAST OF ENGLAND,Y55,LEICESTERSHIRE & LINCOLNSHIRE AREA TEAM,Q59,WEST LEICESTERSHIRE CCG,04V00,THE BANKS SURGERY,C82600,165,146,359,349,318,296,375,382,393,389,423,407,323,287,265,250,166,192,5485
3294,MIDLANDS AND EAST OF ENGLAND,Y55,LEICESTERSHIRE & LINCOLNSHIRE AREA TEAM,Q59,WEST LEICESTERSHIRE CCG,04V00,THE BURBAGE SURGERY,C82054,270,263,575,599,477,481,522,577,735,684,779,802,712,716,751,696,477,618,10734
3295,MIDLANDS AND EAST OF ENGLAND,Y55,LEICESTERSHIRE & LINCOLNSHIRE AREA TEAM,Q59,WEST LEICESTERSHIRE CCG,04V00,THE CENTRE SURGERY,C82082,140,155,298,280,261,248,413,348,413,324,448,348,348,317,341,358,240,338,5618
3296,MIDLANDS AND EAST OF ENGLAND,Y55,LEICESTERSHIRE & LINCOLNSHIRE AREA TEAM,Q59,WEST LEICESTERSHIRE CCG,04V00,THE OLD SCHOOL SURGERY,C82027,232,242,414,400,305,316,428,444,446,459,537,505,443,457,454,510,302,358,7252
3297,MIDLANDS AND EAST OF ENGLAND,Y55,LEICESTERSHIRE & LINCOLNSHIRE AREA TEAM,Q59,WEST LEICESTERSHIRE CCG,04V00,THE ORCHARD MED PRACTICE,C82093,295,275,782,706,657,619,576,572,671,766,960,961,779,780,646,580,341,406,11372
3298,MIDLANDS AND EAST OF ENGLAND,Y55,LEICESTERSHIRE & LINCOLNSHIRE AREA TEAM,Q59,WEST LEICESTERSHIRE CCG,04V00,THE SURGERY,C82045,188,153,360,338,318,313,383,386,378,380,455,483,370,377,323,331,188,294,6018
3299,MIDLANDS AND EAST OF ENGLAND,Y55,LEICESTERSHIRE & LINCOLNSHIRE AREA TEAM,Q59,WEST LEICESTERSHIRE CCG,04V00,THURMASTON HEALTH CENTRE,C82678,235,228,430,429,382,461,529,581,549,552,511,509,419,451,345,367,247,312,7537
3300,MIDLANDS AND EAST OF ENGLAND,Y55,LEICESTERSHIRE & LINCOLNSHIRE AREA TEAM,Q59,WEST LEICESTERSHIRE CCG,04V00,WOODBROOK MEDICAL CENTRE,C82070,293,269,527,518,542,529,764,721,675,644,655,621,587,534,469,471,310,406,9535
